<?xml version="1.0"?>
<doc>
    <assembly>
        <name>HIS.HttpApi.Host</name>
    </assembly>
    <members>
        <member name="M:HIS.HISHttpApiHostModule.ConfigureServices(Volo.Abp.Modularity.ServiceConfigurationContext)">
            <summary>
             配置服务
            </summary>
            <param name="context"></param>
        </member>
        <member name="M:HIS.HISHttpApiHostModule.ConfigureCaptcha(Volo.Abp.Modularity.ServiceConfigurationContext)">
            <summary>
            配置验证码
            </summary>
            <param name="context"></param>
        </member>
        <member name="M:HIS.HISHttpApiHostModule.ConfigureAuthentication(Volo.Abp.Modularity.ServiceConfigurationContext)">
            <summary>
            配置认证
            </summary>
            <param name="context"></param>
        </member>
        <member name="M:HIS.HISHttpApiHostModule.ConfigureBundles">
            <summary>
            不修改
            </summary>
        </member>
        <member name="M:HIS.HISHttpApiHostModule.ConfigureUrls(Microsoft.Extensions.Configuration.IConfiguration)">
            <summary>
            配置Url
            </summary>
            <param name="configuration"></param>
        </member>
        <member name="M:HIS.HISHttpApiHostModule.ConfigureVirtualFileSystem(Volo.Abp.Modularity.ServiceConfigurationContext)">
            <summary>
            不修改
            </summary>
            <param name="context"></param>
        </member>
        <member name="M:HIS.HISHttpApiHostModule.ConfigureConventionalControllers">
            <summary>
            不修改
            </summary>
        </member>
        <member name="M:HIS.HISHttpApiHostModule.ConfigureLocalization">
            <summary>
            配置本地化
            </summary>
        </member>
        <member name="M:HIS.HISHttpApiHostModule.ConfigureCors(Volo.Abp.Modularity.ServiceConfigurationContext,Microsoft.Extensions.Configuration.IConfiguration)">
            <summary>
            配置Cors
            </summary>
            <param name="context"></param>
            <param name="configuration"></param>
        </member>
        <member name="M:HIS.HISHttpApiHostModule.OnApplicationInitialization(Volo.Abp.ApplicationInitializationContext)">
            <summary>
            配置应用
            </summary>
            <param name="context"></param>
        </member>
        <member name="T:HIS.Program">
            <summary>
            
            </summary>
        </member>
    </members>
</doc>
